CustomerID,FirstName,LastName,Email,PhoneNumber,Street,City,RewardsID
1,Leonora,Cammell,lcammell0@odnoklassniki.ru,686-858-0611,35618 Warner Road,Depok,49
2,Dodi,Winckles,dwinckles1@amazonaws.com,909-432-1611,36 Brickson Park Place,Murcia,4
3,Hamlen,Cragg,hcragg2@123-reg.co.uk,348-184-4293,7 Dahle Trail,Vamvakou,43
4,Gerry,De Fries,gdefries3@i2i.jp,429-683-8683,04152 Dayton Parkway,Bautista,0
5,Jerry,Abrahamsen,jabrahamsen4@engadget.com,324-927-8477,5 Namekagon Alley,Harnosand,22
6,Hayley,Akitt,hakitt5@army.mil,723-720-7244,3669 Dwight Road,Balyqshy,39
7,Irina,Tither,itither6@diigo.com,959-801-5439,05 Waxwing Drive,Kasoa,0
8,Rosita,Cowperthwaite,rcowperthwaite7@ted.com,600-778-7069,0901 Upham Center,Bagay,0
9,Keene,Aumerle,kaumerle8@aboutads.info,763-801-0480,9844 Bobwhite Lane,Requiao,16
10,Inglebert,Kemmett,ikemmett9@princeton.edu,842-269-9503,3 Cascade Court,Gluchow,41
11,Case,Linbohm,clinbohma@mapquest.com,222-913-3977,2112 Esch Way,Kotabaru,11
12,Janot,Panchin,jpanchinb@symantec.com,813-391-6109,2151 Springs Trail,Fahmah,0
13,Adelaida,Camacke,acamackec@tinypic.com,245-392-5675,4 Onsgard Place,Vyborg,42
14,Danette,Juleff,djuleffd@disqus.com,413-933-6855,0633 Pepper Wood Alley,Berkovitsa,0
15,Billy,Chevalier,bchevaliere@pcworld.com,314-355-2812,67828 Memorial Street,San Celestio,29
16,Myles,Jancik,mjancikf@bing.com,541-255-8787,111 Warner Center,Maomiaoji,0
17,Brigida,Heading,bheadingg@java.com,158-982-4622,40 Park Meadow Junction,Ban Khlong Bang Sao Thong,15
18,Ricca,Sebrens,rsebrensh@moonfruit.com,369-280-7826,700 Westport Park,Kakata,24
19,Cosetta,Aiken,caikeni@comsenz.com,537-772-4597,65 Kinsman Parkway,Karata,0
20,Odo,Saylor,osaylorj@umn.edu,371-810-1680,7859 Del Mar Plaza,Xiakou,1
21,Alanna,Stampfer,astampferk@prnewswire.com,504-924-8958,077 Melody Point,Klagen,28
22,Elie,Keston,ekestonl@ezinearticles.com,401-869-3015,70625 Cardinal Terrace,Nema,0
23,Rita,Arnaudin,rarnaudinm@flavors.me,320-243-5432,86 Aberg Drive,Cunday,33
24,Patric,Starr,pstarrn@parallels.com,836-220-3532,37825 Lien Crossing,Zhongwei,19
25,Mick,Kroon,mkroono@earthlink.net,591-511-1278,69231 Transport Avenue,Nggalak,44
26,Lexie,McKinna,lmckinnap@goo.ne.jp,306-125-8897,5 Autumn Leaf Park,Paris,19
27,Thorstein,Heinsen,theinsenq@delicious.com,553-848-1792,4884 Dorton Trail,Huangjindong,0
28,Goddart,Borzoni,gborzonir@sourceforge.net,166-632-4543,92893 Maple Pass,Hovsan,7
29,Candra,Yakunchikov,cyakunchikovs@github.com,215-576-6910,8 Northview Plaza,Xinwu,5
30,Seumas,Kienl,skienlt@umn.edu,959-140-0452,93 Golden Leaf Way,Bordeaux,0
31,Symon,Sudell,ssudellu@arstechnica.com,414-164-9831,21550 Magdeline Crossing,Huage,6
32,Elsworth,Lapley,elapleyv@wikimedia.org,931-388-0289,71 Fairview Drive,Khodzhi-Gasan,2
33,Alanah,Birtchnell,abirtchnellw@studiopress.com,115-171-5922,1 South Circle,Warungawi,0
34,Marc,Hamlen,mhamlenx@cnbc.com,552-688-1159,536 School Way,Gaojia,12
35,Harman,Cleft,hclefty@plala.or.jp,469-852-2682,1 Canary Terrace,Ales,40
36,Morganica,Krause,mkrausez@gmpg.org,595-405-1218,18 Burning Wood Alley,Krajan,10
37,Oona,Fountaine,ofountaine10@nydailynews.com,113-233-6670,5755 Hallows Parkway,Krenggan,0
38,Candie,Murthwaite,cmurthwaite11@over-blog.com,877-163-4816,4233 Kings Alley,Tembisa,30
39,Kira,Meigh,kmeigh12@mtv.com,790-580-4780,92 Marcy Parkway,Eystur,0
40,Mariann,Odell,modell13@google.pl,318-435-7287,82 Valley Edge Avenue,Jintang,14
41,Laurel,Larroway,llarroway14@t.co,928-442-7910,816 Express Street,Kobenhavn,0
42,Guglielmo,Philpin,gphilpin15@zimbio.com,544-791-9496,52042 2nd Junction,Xinhe,8
43,Rex,Yardy,ryardy16@123-reg.co.uk,375-267-0658,4448 Onsgard Alley,Karangpocok,50
44,Jorey,Daughtery,jdaughtery17@tripadvisor.com,726-776-0132,7142 Grayhawk Street,Nong Khai,0
45,Allianora,Byrnes,abyrnes18@google.ca,486-211-5228,5 Oakridge Parkway,Canggetelo,35
46,Zorana,Cuningham,zcuningham19@hostgator.com,987-635-6513,67340 Lakewood Gardens Trail,Bazhu,27
47,Janean,Rait,jrait1a@soundcloud.com,325-972-2421,65 Valley Edge Court,Taoudenni,38
48,Kipper,Giberd,kgiberd1b@reference.com,307-725-7919,32320 Coolidge Circle,Jingtan,0
49,Nicolai,Brundell,nbrundell1c@eepurl.com,517-239-7916,330 Everett Point,Tuchomerice,48
50,Eugenius,Oliff,eoliff1d@cpanel.net,632-616-6300,2757 Di Loreto Way,Hinunangan,25
51,Tyrone,Wynne,twynne1e@hp.com,494-461-1113,7541 Claremont Crossing,Jiangkou,0
52,Garrott,Skipsey,gskipsey1f@geocities.jp,916-720-9955,4 Hanover Junction,San Jose,0
53,Mario,Davenall,mdavenall1g@google.it,325-237-9596,3069 Cambridge Park,Dapawan,0
54,Dylan,Kingh,dkingh1h@cmu.edu,204-162-0844,61 Hoard Crossing,Nacimiento,47
55,Shirline,Dunphy,sdunphy1i@barnesandnoble.com,154-665-1197,82847 Stoughton Junction,Irakleia,0
56,Richie,Flintoff,rflintoff1j@yellowbook.com,375-912-8195,3 Prairie Rose Trail,Horana South,0
57,Theodora,Rumsey,trumsey1k@sogou.com,387-403-1387,16049 Dixon Lane,Wuli,26
58,Durand,Caudwell,dcaudwell1l@dmoz.org,911-403-7337,25722 International Point,Nankang,0
59,Johnathan,Cowburn,jcowburn1m@stanford.edu,208-697-4705,96 Haas Parkway,Khurrianwala,0
60,Pail,Macconachy,pmacconachy1n@ft.com,870-141-8933,72025 Oneill Parkway,Lokavec,45
61,Dorotea,Cottrell,dcottrell1o@feedburner.com,517-410-8820,7 Lunder Court,Ploso,37
62,Kellen,Haeslier,khaeslier1p@youku.com,583-961-7599,9447 Bultman Crossing,Embu,20
63,Gwenneth,Couttes,gcouttes1q@gizmodo.com,969-642-1429,4116 Sundown Point,Ampara,9
64,Sharity,Swinford,sswinford1r@github.com,621-613-4467,26853 Monument Parkway,Kovrov,0
65,Lenora,Liepins,lliepins1s@google.de,442-694-5058,4207 Dixon Way,Abovyan,0
66,Alden,Basterfield,abasterfield1t@weather.com,631-233-4011,5 Laurel Drive,Emar,34
67,Mitch,Kennington,mkennington1u@blog.com,164-843-4993,2655 North Circle,Nida,0
68,Annamarie,Tumasian,atumasian1v@google.es,654-202-2871,80 Bartelt Alley,Bernay,32
69,Nerty,Courtier,ncourtier1w@shutterfly.com,675-511-4000,9301 Porter Way,Guataqui,0
70,Hamid,Mapam,hmapam1x@godaddy.com,784-302-9317,61 Sunfield Street,Varzea,0
71,Mariellen,Privost,mprivost1y@ftc.gov,463-994-9852,90 Harper Court,Necochea,0
72,Merline,Zaczek,mzaczek1z@nyu.edu,448-534-0471,1 American Ash Court,Adela,23
73,Lurleen,Cowden,lcowden20@symantec.com,755-620-7933,526 Manufacturers Place,Tyukalinsk,0
74,Madeleine,MacAirt,mmacairt21@ebay.co.uk,355-403-0103,6031 Green Ridge Point,Pontivy,0
75,Blinnie,McCray,bmccray22@bravesites.com,646-691-3834,4319 Oak Valley Plaza,Phetchaburi,13
76,Emmet,Mylchreest,emylchreest23@discovery.com,379-566-6300,96882 North Street,Dokolo,0
77,Elyn,Ferrillo,eferrillo24@vkontakte.ru,940-841-3536,59105 Center Drive,Gegernoong,0
78,Sal,Di Batista,sdibatista25@admin.ch,781-217-1571,71951 Westend Plaza,Czerniewice,0
79,Corby,Joire,cjoire26@amazonaws.com,987-866-6252,55 Kropf Alley,Shiguai,17
80,Doro,Spinola,dspinola27@addthis.com,610-432-7569,93 Sutherland Hill,Aleksotas,0
81,Weston,Gorry,wgorry28@privacy.gov.au,838-571-4700,86 Bunting Place,Delft,0
82,Ced,Horney,chorney29@wordpress.org,169-944-8973,4 Carpenter Circle,Khlevnoye,0
83,Gratia,Niesegen,gniesegen2a@princeton.edu,381-983-6407,79761 Hazelcrest Alley,Anding,0
84,Joell,Kimmitt,jkimmitt2b@state.gov,808-535-8581,120 3rd Center,Drajak,0
85,Stanford,Kwiek,skwiek2c@utexas.edu,715-192-9983,0761 Karstens Hill,Niono,3
86,Christiano,Durno,cdurno2d@census.gov,565-434-6300,816 Arizona Place,Sungai Raya,31
87,Cherice,McHale,cmchale2e@oracle.com,320-788-2759,26 2nd Park,Carmelo,0
88,Mignonne,Breissan,mbreissan2f@typepad.com,759-517-8882,33704 Lotheville Avenue,Pszczew,0
89,Guilbert,O'Hartnett,gohartnett2g@samsung.com,620-384-6319,29873 Armistice Circle,Pueblo Nuevo,0
90,Fidel,Kitman,fkitman2h@facebook.com,922-224-5608,20662 Loomis Road,Jinfeng,0
91,Johny,Rankine,jrankine2i@ehow.com,188-660-5985,85 Dwight Drive,Norrtalje,21
92,Oralee,Lewsy,olewsy2j@blogger.com,871-809-2294,74420 Hoard Trail,Bang Krathum,0
93,Zulema,Boness,zboness2k@bloglovin.com,175-863-8149,6458 Golf Course Avenue,Lille,0
94,Josselyn,Rolin,jrolin2l@ox.ac.uk,140-525-1630,6 Crowley Parkway,Gardanne,0
95,Michal,Gianni,mgianni2m@businesswire.com,118-251-3844,978 Westend Place,Xicheng,18
96,Zenia,McIlenna,zmcilenna2n@uol.com.br,150-621-9403,6101 Mccormick Park,Andradas,0
97,Noby,Scranny,nscranny2o@amazon.co.jp,861-235-3004,5 Talisman Place,Baisha,0
98,Phillis,Delos,pdelos2p@independent.co.uk,635-208-8657,367 Pond Way,Quimper,0
99,Dulcea,Laminman,dlaminman2q@webmd.com,183-848-3021,45745 Ohio Parkway,Sosnovka,36
100,Keely,Eblein,keblein2r@howstuffworks.com,315-484-3102,74 Grayhawk Place,Suruhwadang,46